{
  "NASTANITVENI PROSTOR Z NEPOSREDNO OKOLICO (DVORIŠČE, VRT IPD.)": 1.0,
  "PRODAJNI PROSTOR": 0.5965765280600964,
  "OBMOČJE PROMETA": 0.5403511366985958,
  "PROSTOR ZA ŠPORT, REKREACIJO, ZABAVO": 0.16819006155256191,
  "PROSTOR ZA DENARNO-FINANČNE STORITVE": 0.07972521369801006,
  "NARAVNA POVRŠINA": 0.07941887834199171,
  "UPRAVNO-ADMINISTRATIVNI PROSTOR PODJETJA ALI DRUGE ORGANIZACIJE": 0.07380040208706512,
  "PROSTOR ZA INDUSTRIJSKO, KMETIJSKO ALI OBRTNO PROIZVODNJO IN STORITVE": 0.07175131966311138,
  "ODPRT ALI ZAPRT SKLADIŠČNI PROSTOR": 0.05294040718616409,
  "PROST. ZA VZGOJNOVAR. IN IZOBR. DEJ. Z NEPOS. OKOL.(DVORIŠČE,ŠOL.IGR.)": 0.051759928415834766,
  "GRADBIŠČE": 0.04211522052658183,
  "PROSTOR DRŽ. USTANOVE, ORGANA LOKALNE SKUP., POLIT. ALI INTERES. ORG.": 0.028274025488660825,
  "PROSTOR ZA ZDRAVSTVENE STORITVE Z NEPOSRED. OKOLICO (DVORIŠČE IPD.)": 0.025460019755382587,
  "PROSTOR DRUGIH USTANOV": 0.019244201586981074,
  "VOZILA": 0.01919019310265837,
  "KOMUNALNI PROSTOR": 0.015194444892087792,
  "POSEBEJ (ZA)VAROVANO OBMOČJE": 0.007593774725416207,
  "PROSTOR ZA VERSKE OBREDE": 0.007126867878011617,
  "PROSTOR ZA KULTURNO DEJAVNOST": 0.003758368869904803,
  "URADNI PROSTORI POLICIJE": 0.0
}
