{"popoldan": 43852.19733944028, "jutro": 40411.18604117489, "ve\u010der": 38784.66330632004, "no\u010d": 29000.505768049676}