{"evening": 4.195814694782479, "afternoon": 3.8643674128195054, "morning": 3.8131855328659596, "night": 3.591241545693834}